Workbook

Sheet Charts
A1: Full dataset | Lesion classification performance
A3: CT slice evaluation; positive class: lesion_present. Patient split: 220 training / 47 validation / 47 test. All scores use the completed full-dataset run.

Sheet Lesion performance
A1: Classifier | B1: Split | C1: Slices | D1: Patients | E1: TP | F1: FP | G1: TN | H1: FN | I1: Accuracy | J1: Balanced accuracy | K1: Sensitivity | L1: Specificity | M1: Precision | N1: Lesion-present F1 | O1: Macro F1 | P1: Weighted F1
A2: SVM | B2: Validation | C2: 26482 | D2: 47 | E2: 1587 | F2: 981 | G2: 21603 | H2: 2311 | I2: 0.87568915 | J2: 0.68184702 | K2: 0.40713186 | L2: 0.95656217 | M2: 0.61799065 | N2: =2*E2/(2*E2+F2+H2) -> 0.49087535 | O2: 0.7100383 | P2: 0.86468217
A3: SVM | B3: Test | C3: 30304 | D3: 47 | E3: 3044 | F3: 1616 | G3: 23376 | H3: 2268 | I3: 0.8718321 | J3: 0.75419074 | K3: 0.57304217 | L3: 0.93533931 | M3: 0.65321888 | N3: =2*E3/(2*E3+F3+H3) -> 0.61050943 | O3: 0.76690255 | P3: 0.86846725
A4: Random Forest | B4: Validation | C4: 26482 | D4: 47 | E4: 1144 | F4: 296 | G4: 22288 | H4: 2754 | I4: 0.88482743 | J4: 0.64018861 | K4: 0.29348384 | L4: 0.98689338 | M4: 0.79444444 | N4: =2*E4/(2*E4+F4+H4) -> 0.42862495 | O4: 0.68229215 | P4: 0.86128261
A5: Random Forest | B5: Test | C5: 30304 | D5: 47 | E5: 2247 | F5: 478 | G5: 24514 | H5: 3065 | I5: 0.88308474 | J5: 0.7019392 | K5: 0.42300452 | L5: 0.98087388 | M5: 0.82458716 | N5: =2*E5/(2*E5+F5+H5) -> 0.55916387 | O5: 0.74588465 | P5: 0.86714471

Sheet Both classes
A1: Classifier | B1: Split | C1: Class | D1: Support | E1: TP | F1: FP | G1: TN | H1: FN | I1: Precision | J1: Sensitivity | K1: Specificity | L1: F1
A2: SVM | B2: Validation | C2: lesion_absent | D2: 22584 | E2: 21603 | F2: 2311 | G2: 1587 | H2: 981 | I2: 0.90336205 | J2: 0.95656217 | K2: 0.40713186 | L2: 0.92920126
A3: SVM | B3: Validation | C3: lesion_present | D3: 3898 | E3: 1587 | F3: 981 | G3: 21603 | H3: 2311 | I3: 0.61799065 | J3: 0.40713186 | K3: 0.95656217 | L3: 0.49087535
A4: SVM | B4: Test | C4: lesion_absent | D4: 24992 | E4: 23376 | F4: 2268 | G4: 3044 | H4: 1616 | I4: 0.91155826 | J4: 0.93533931 | K4: 0.57304217 | L4: 0.92329568
A5: SVM | B5: Test | C5: lesion_present | D5: 5312 | E5: 3044 | F5: 1616 | G5: 23376 | H5: 2268 | I5: 0.65321888 | J5: 0.57304217 | K5: 0.93533931 | L5: 0.61050943
A6: Random Forest | B6: Validation | C6: lesion_absent | D6: 22584 | E6: 22288 | F6: 2754 | G6: 1144 | H6: 296 | I6: 0.89002476 | J6: 0.98689338 | K6: 0.29348384 | L6: 0.93595935
A7: Random Forest | B7: Validation | C7: lesion_present | D7: 3898 | E7: 1144 | F7: 296 | G7: 22288 | H7: 2754 | I7: 0.79444444 | J7: 0.29348384 | K7: 0.98689338 | L7: 0.42862495
A8: Random Forest | B8: Test | C8: lesion_absent | D8: 24992 | E8: 24514 | F8: 3065 | G8: 2247 | H8: 478 | I8: 0.88886472 | J8: 0.98087388 | K8: 0.42300452 | L8: 0.93260543
A9: Random Forest | B9: Test | C9: lesion_present | D9: 5312 | E9: 2247 | F9: 478 | G9: 24514 | H9: 3065 | I9: 0.82458716 | J9: 0.42300452 | K9: 0.98087388 | L9: 0.55916387

Sheet Chart data
A1: Classifier / split | B1: Lesion-present F1 | C1: Precision | D1: Sensitivity | E1: Specificity | F1: Accuracy | G1: Balanced accuracy
A2: SVM | Validation | B2: ='Lesion performance'!N2 -> 0.49087535 | C2: ='Lesion performance'!M2 -> 0.61799065 | D2: ='Lesion performance'!K2 -> 0.40713186 | E2: ='Lesion performance'!L2 -> 0.95656217 | F2: ='Lesion performance'!I2 -> 0.87568915 | G2: ='Lesion performance'!J2 -> 0.68184702
A3: SVM | Test | B3: ='Lesion performance'!N3 -> 0.61050943 | C3: ='Lesion performance'!M3 -> 0.65321888 | D3: ='Lesion performance'!K3 -> 0.57304217 | E3: ='Lesion performance'!L3 -> 0.93533931 | F3: ='Lesion performance'!I3 -> 0.8718321 | G3: ='Lesion performance'!J3 -> 0.75419074
A4: Random Forest | Validation | B4: ='Lesion performance'!N4 -> 0.42862495 | C4: ='Lesion performance'!M4 -> 0.79444444 | D4: ='Lesion performance'!K4 -> 0.29348384 | E4: ='Lesion performance'!L4 -> 0.98689338 | F4: ='Lesion performance'!I4 -> 0.88482743 | G4: ='Lesion performance'!J4 -> 0.64018861
A5: Random Forest | Test | B5: ='Lesion performance'!N5 -> 0.55916387 | C5: ='Lesion performance'!M5 -> 0.82458716 | D5: ='Lesion performance'!K5 -> 0.42300452 | E5: ='Lesion performance'!L5 -> 0.98087388 | F5: ='Lesion performance'!I5 -> 0.88308474 | G5: ='Lesion performance'!J5 -> 0.7019392

Sheet Source and definitions
A1: Source | B1: artifacts\full_classification_70pct_20260906\comparison\metrics.json
A2: Run | B2: full_classification_70pct_20260906; completed. 70pct denotes the training patient split.
A3: Pipeline | B3: CT preparation -> AlexNet fine-tuning -> SVM / Random Forest classification
A4: Evaluation unit | B4: CT slice. These are lesion presence classification metrics, not object detection or segmentation metrics.
A5: Training | B5: 122,519 slices; 220 patients. Validation: 26,482 slices / 47 patients. Test: 30,304 slices / 47 patients.
A6: Positive class | B6: lesion_present; TP, FP, TN and FN on the Lesion performance sheet use this positive class.
A7: F1 | B7: 2*TP / (2*TP + FP + FN). Exact source counts used; no rounded text metrics used.
A8: Sensitivity | B8: TP / (TP + FN); also called recall.
A9: Specificity | B9: TN / (TN + FP).
A10: Precision | B10: TP / (TP + FP).
A11: Accuracy | B11: (TP + TN) / (TP + FP + TN + FN).
A12: Balanced accuracy | B12: Mean of sensitivity and specificity.
... A14: Scope | B14: Full-dataset run after the pipeline dataset eligibility rules; validation and test are reported separately.
